timestamp,squat_count,knee_angle_L,knee_angle_R,back_angle,depth_ok,form_ml
1758996836.652725,0,179.6345311260077,177.35433716323098,175.07321011083857,0,
1758996836.816933,0,178.24198629619198,173.35908156329077,178.6284860293752,0,
1758996836.8976805,0,176.75115889914807,171.37624425054733,175.1656885389776,0,
1758996836.980555,0,177.10622464375925,170.4168485865908,175.59491205135782,0,
1758996837.0657105,0,175.88468379130202,170.92014072221258,175.3081020409054,0,
1758996837.1542573,0,176.07653793454068,169.71473436196834,175.5743970802774,0,
1758996837.2379081,0,174.94233991575015,168.13914783371158,174.83326927604318,0,
1758996837.303073,0,174.57010813742113,169.43094908277408,175.7570097318632,0,
1758996837.382245,0,172.9636888042318,168.8703465370606,175.8792227026418,0,
1758996837.4659915,0,172.79338705752198,167.8745120460018,171.54244465923742,0,
1758996837.5502691,0,173.99903465834518,169.78993244702767,173.45064348138465,0,
1758996837.6305823,0,174.3889789633909,169.75083919907672,173.9976317202564,0,
1758996837.7151937,0,175.48119961469615,169.34232509286082,175.0510949889461,0,
1758996837.7871616,0,175.59072696800666,169.8596351643702,175.14595402039106,0,
1758996837.8499966,0,177.2875620229115,171.02490206378764,175.20482281801594,0,
1758996837.9339106,0,176.32152999794795,172.62371894465534,177.39615037369848,0,
1758996838.0073402,0,175.66335884953614,172.25651953098716,177.63334833306826,0,
1758996838.0794485,0,176.62726448437132,175.0706236319019,179.06179764514746,0,
1758996838.1825216,0,176.46095293757716,172.50758052546394,179.0763367177498,0,
1758996838.2701156,0,177.84134458973284,172.35678951416284,178.71577395284842,0,
1758996838.337919,0,179.0608663914001,173.2961399766805,178.15225000495883,0,
1758996838.4031768,0,179.91883932327187,172.20865037142684,178.85780522179664,0,
1758996838.471275,0,176.93383230518526,171.20505442986314,178.29063448597054,0,
1758996838.537531,0,176.48561047008062,171.2333322889613,177.85557048584636,0,
1758996838.6028202,0,176.7446263841833,172.0898733215251,177.81914767207923,0,
1758996838.6731484,0,176.56191644795857,171.04651708701402,177.34450034051673,0,
1758996838.743203,0,176.8996222824686,171.09102809624807,178.94222805556424,0,
1758996838.8216074,0,172.57890248841687,164.93081767723788,177.00991370346262,0,
1758996838.9393423,0,172.36166432990473,164.0989628073909,175.57909527553565,0,
1758996839.0469067,0,171.1519455161573,161.80074509978135,175.33044897527822,0,
1758996839.1361232,0,174.25033712554284,164.4148401502963,176.85413419268787,0,
1758996839.2104833,0,175.96571791874229,166.40988738473098,176.85072862102356,0,
1758996839.279763,0,175.27649554077655,170.2526369995704,176.12242345179465,0,
1758996839.3490562,0,177.16634751744058,170.57760860079296,176.86520735924458,0,
1758996839.4239328,0,176.59391188902399,169.56807072272284,175.9083095409966,0,
1758996839.498306,0,175.54772543121098,170.55280263857233,175.71464487732814,0,
1758996839.5710046,0,174.58726475720292,169.41285707599064,175.20790037185225,0,
1758996839.6389775,0,173.62546315130922,166.92306666830652,173.64817109646054,0,
1758996839.704414,0,175.2356352175576,167.2100802779349,173.69064978227425,0,
1758996839.777765,0,174.0962364782661,167.13958208261562,174.50889169833826,0,
1758996839.8554688,0,177.4567327040269,171.9372829530277,177.35688786022496,0,
1758996839.9514022,0,174.82499899515568,166.2858568020389,176.9202317817323,0,
1758996840.154361,0,174.45423605071443,164.17176070688214,176.86769905241388,0,
1758996840.7691948,0,173.2531125627982,160.49137806146447,177.89820413161019,0,
1758996840.9237566,0,170.4603732595585,158.4291251088689,177.0936391220031,0,
1758996841.02337,0,170.8443998829246,159.35492806621352,177.6430624574327,0,
1758996841.0937166,0,170.802226260594,157.97703153770357,177.53172238750878,0,
1758996841.1693454,0,170.74610949949093,158.38286610344298,177.38266719591897,0,
1758996841.2589576,0,171.94090917294477,158.76922622071694,178.0213972215706,0,
1758996841.339864,0,172.61356142898893,159.90486822161807,178.17921556196066,0,
1758996841.4362981,0,172.89210693951614,160.46526989069662,178.31469678535908,0,
1758996841.5694623,0,174.9698176434863,162.90066946665365,178.12921432880108,0,
1758996841.6571636,0,175.73234283682754,165.0891676213794,178.98437984143305,0,
1758996841.7438493,0,175.14463748197053,169.8175249678542,177.1651995553637,0,
1758996841.8349388,0,172.84510717349252,166.7754961669685,176.0820670913685,0,
1758996841.9230597,0,173.20860794302936,165.84427198026833,176.5961026655105,0,
1758996841.9895754,0,171.66348365454743,159.69094186080304,175.5493621453373,0,
1758996842.0767844,0,174.56921550414688,163.58276664388933,177.18334531192554,0,
1758996842.14939,0,175.32878861752812,163.83692247211732,177.50408085128765,0,
1758996842.2123013,0,173.18478836986662,161.74380837540872,176.9019230887478,0,
1758996842.2751915,0,175.87172650413785,167.0726311476891,177.82772537191,0,
1758996842.3440573,0,176.9655098971202,166.75459840190436,179.9709047199833,0,
1758996842.431734,0,176.38398615840907,167.29487274211746,179.45758399887174,0,
1758996842.5146456,0,173.2297023940942,165.65783149762262,175.5245996598633,0,
1758996842.5869493,0,174.38929558028147,165.53030483586684,176.04951668108416,0,
1758996842.7428975,0,173.13355216122923,165.095700164448,175.33396437377516,0,
1758996843.6905003,0,173.69625535303706,164.8249476507988,174.9199938342049,0,
1758996843.8470597,0,172.14104758232293,164.29397493457824,176.28488242949678,0,
1758996843.92178,0,172.0943612372542,164.9112398263097,176.376262427816,0,
1758996843.9920633,0,173.1845121150821,162.28653004701394,176.6687338829698,0,
1758996844.1501215,0,171.8167324826718,160.19992893346716,174.16817469369414,0,
1758996844.243215,0,176.60622744068894,169.636305246168,179.8022881444203,0,
1758996844.33851,0,170.64249109821205,164.12753239039947,175.85457627649345,0,
1758996844.4351883,0,169.56831327023593,161.51362535301175,173.33620184560803,0,
1758996844.521633,0,174.94250394507182,167.87933012227703,178.00257692934468,0,
1758996844.593091,0,173.02694529006962,170.63230800013696,177.53545141959793,0,
1758996844.6644347,0,173.64027650887914,168.97792045543918,175.9451799669076,0,
1758996844.742593,0,170.1411883860883,165.39483525365517,174.73958683024594,0,
1758996844.8039043,0,172.0134102652485,165.98119629686957,174.17071092364702,0,
1758996844.8724644,0,171.8202181800692,165.49192112399632,173.9649945844972,0,
1758996844.9414423,0,172.55797256643257,165.84885907030326,174.4580980795957,0,
1758996845.0071385,0,170.47131037282816,162.1575596431494,174.05443130561392,0,
1758996845.0797455,0,170.68634507866668,160.44940401992935,173.5909222740459,0,
1758996845.1513674,0,170.5036210013783,159.57306159950656,176.3597200433183,0,
1758996845.2213936,0,174.33875262934183,170.0499912582217,177.33036593110057,0,
1758996845.2871351,0,173.2016347847542,167.22418596701442,176.91136250597287,0,
1758996845.3577633,0,173.03959473020822,167.39674907277737,177.92879924058715,0,
1758996845.4354992,0,174.93379320785894,168.78218267750268,178.84116860031776,0,
1758996845.5113013,0,176.13798909626627,167.1979621699947,177.77350584081543,0,
1758996845.5775917,0,172.51179779747474,162.5377650335502,175.72910880526084,0,
1758996845.6431768,0,172.96716356198397,165.26862960437566,178.30935337832298,0,
1758996845.7182975,0,173.16266200798557,166.49881331548912,177.7387554189968,0,
1758996845.7889113,0,174.51022152376726,169.03244156331945,178.1459682470168,0,
1758996845.8557131,0,174.9060055252901,167.0696531836608,178.85595184595772,0,
1758996845.9291418,0,174.76543992904408,166.6734394509512,176.44829784772818,0,
1758996845.9975114,0,176.50553684799448,171.2878892967814,176.66320142634157,0,
1758996846.0767431,0,176.61218302629626,171.4950956385016,174.16526588226782,0,
1758996846.1673186,0,175.92794301775703,170.54686422486458,174.40071250370792,0,
1758996846.2331007,0,177.94571857793906,176.67858199925794,175.5141291703818,0,
1758996846.302403,0,177.983840645336,176.47456729877146,176.14056417347078,0,
1758996846.3769054,0,178.36748772245798,176.3747026308912,178.04834870111492,0,
1758996846.448756,0,178.7863908494489,177.5370318288746,179.2981216679165,0,
1758996846.5307534,0,178.97219938298932,179.6911615986169,179.65918041924178,0,
1758996846.658482,0,177.99450616783187,175.78231429719068,178.4995562299236,0,
1758996846.738289,0,178.01639040483823,178.43313096761668,179.00979359679306,0,
1758996846.8349283,0,177.53987228696857,178.87077659876215,175.29660555457934,0,
1758996846.9138222,0,175.94045933990964,176.49915938174578,173.7654775079309,0,
1758996846.9745493,0,175.42630960666324,175.2021566931161,175.79492680863652,0,
1758996847.037326,0,175.10855832289104,173.38307610605244,176.49262443740363,0,
1758996847.1243763,0,175.84155266981415,174.30582235251495,176.6735255358476,0,
1758996847.1914425,0,175.72078962328482,174.42047659194284,176.03309307192438,0,
1758996847.2623467,0,175.20925059874213,173.34436687426543,177.24645334554387,0,
1758996847.3379228,0,174.5789370739102,171.4136845620644,178.22746605634217,0,
1758996847.4168706,0,172.55145511924047,172.74373516079893,178.78732673959024,0,
1758996847.5022278,0,173.13255691059683,173.00310603724614,178.27034253121252,0,
1758996847.5801396,0,173.62877048971492,173.00494578429863,177.23356453717702,0,
1758996847.662414,0,173.8509054425596,173.04506065238863,177.4947936632913,0,
1758996847.749467,0,174.1815054774104,173.40402088279956,177.54152064245233,0,
1758996847.8394785,0,174.693522951279,173.3121906919583,177.84577617858787,0,
1758996847.9129314,0,174.98728960247516,173.2647336640218,177.90086881632212,0,
1758996847.9907713,0,174.58574419656236,172.72346099924138,177.95585679419307,0,
1758996848.0780556,0,174.7984880395756,172.87570458021648,177.93958943068893,0,
1758996848.174677,0,174.99924028260386,173.62049993973912,177.59993689044208,0,
1758996848.2634768,0,175.48110714487945,173.79428259937222,177.22641764440868,0,
1758996848.337915,0,175.37127985944022,173.77486733344983,177.48856235183118,0,
1758996848.4671412,0,175.07856752533564,173.98379937528352,177.53112608461254,0,
1758996848.5358095,0,175.35088774568996,173.56303309311485,177.92205059889972,0,
1758996848.6201136,0,173.89183059367457,170.0543071789418,178.13442387951054,0,
1758996848.6970546,0,179.651461859707,171.06241458228413,173.02368663184419,0,
1758996848.767105,0,179.5597735375751,169.51044717618228,173.91659846041696,0,
1758996848.8511708,0,178.7364591874864,164.22315789428222,172.28989940293815,0,
1758996848.910791,0,178.47695231301495,155.35842901388435,170.38794094702672,0,
1758996848.9754834,0,167.25902829414326,161.8256099549281,177.91089201470336,0,
1758996849.0725088,0,171.86511079908033,157.57063909254785,178.68870881967771,0,
1758996849.1241896,0,178.78345916658148,175.0941074611375,174.62019712621,0,
1758996849.18601,0,177.94330067122664,178.15593856038228,176.6066555823568,0,
1758996849.2492528,0,177.477211371445,179.78908801959176,176.2329158625126,0,
1758996849.3257012,0,177.7328746657294,178.9355889893218,177.17261439403737,0,
1758996849.4279332,0,177.91650436798332,178.35209577294282,179.2910314421135,0,
1758996849.5361938,0,178.04170592183343,179.9518082119366,179.20223041385947,0,
1758996849.646258,0,178.92314366252404,179.65976249707063,179.81772218060993,0,
1758996849.7574782,0,178.41410626521022,179.36050367306956,176.90740510219928,0,
1758996849.8317647,0,177.98082933475987,177.1961811133798,179.23467943633122,0,
1758996849.9039917,0,179.39357679173085,179.0684675124562,178.0560868574143,0,
1758996849.9721026,0,179.65203158420914,178.4326179927051,179.66496118183645,0,
1758996850.0537074,0,179.8135940467637,176.66864454049662,178.52052638973794,0,
1758996850.1247454,0,179.26002384085328,176.6068536843462,178.70675242503597,0,
1758996850.2053623,0,179.02678934469725,177.2816067721862,178.17575388426113,0,
1758996850.2795455,0,179.08901229183058,176.87218618301608,178.75643082441138,0,
1758996850.3560653,0,179.08594455739632,174.0181287678508,176.23303193072624,0,
1758996850.4387019,0,179.98875728096772,175.30058393122724,175.93144107035877,0,
1758996850.496779,0,179.69080399849193,176.10259019579257,176.54653857848606,0,
1758996850.5551653,0,179.8113285627346,175.93259924494453,175.98616611739243,0,
1758996850.6187859,0,179.00472004757916,173.93881997228465,178.64071255721063,0,
1758996850.6819658,0,179.03656034244057,172.45278252639383,178.44718833418,0,
1758996850.7462113,0,177.84888718223937,174.86365018918062,179.57219271783882,0,
1758996850.8022883,0,179.70121118952468,173.64375762061735,178.9802982190704,0,
1758996850.8587613,0,165.80140712791697,168.7848430610045,165.05080865698883,0,
1758996850.9286637,0,177.57112392367924,179.04301245219406,178.06873877251394,0,
1758996851.008287,0,178.31993216502028,179.9880827846229,179.3127426796431,0,
1758996851.0788312,0,177.73147470343352,175.47054648199006,179.55778712562858,0,
1758996851.1612294,0,179.4931932148489,177.2141487246954,179.87003329856302,0,
1758996851.2204218,0,179.1374603014763,176.0620385391132,179.99229016401162,0,
1758996851.2923708,0,177.8978753885351,174.17547740371126,176.2623897297342,0,
1758996851.3816533,0,179.37482854176884,175.60503926934388,176.93251879454718,0,
1758996851.4674017,0,179.3854286148353,172.99862191338315,176.00258559308443,0,
1758996851.5303497,0,178.96808399898785,174.45415947461638,175.12402525126933,0,
1758996851.5915048,0,179.3650002896888,174.59596305692745,176.36746266717725,0,
1758996851.665765,0,179.51726944956533,175.43097881132832,178.0477500496278,0,
1758996851.7350762,0,179.32719601088223,173.9339266754966,177.36414399432164,0,
1758996851.8072326,0,179.55279450737638,174.23682870157126,176.53094826333353,0,
1758996851.883498,0,179.0466425224439,174.27639176908892,175.8347394733529,0,
1758996851.946724,0,179.53066459092582,174.21369966160435,176.42311725526807,0,
1758996852.019879,0,179.74928978844983,173.54505998667582,177.2662125344792,0,
1758996852.0967345,0,179.36331425121443,174.3050376064329,176.92570743076118,0,
1758996852.1542358,0,179.2055508013326,174.73379505367515,176.75041475378447,0,
1758996852.2267985,0,179.5673149348618,176.3294214957404,176.71334689122742,0,
1758996852.2891414,0,179.86059543517106,177.7450085919901,176.62513153865763,0,
1758996852.3564458,0,178.96552996666472,177.76341037358998,176.60730000599105,0,
1758996852.4162524,0,178.32599725895972,177.48679725825716,176.96738653381524,0,
1758996852.4830644,0,178.6353116151386,176.68424301005498,178.70447104460365,0,
1758996852.5516338,0,179.44665441532578,178.06605118415388,179.30157174446555,0,
1758996852.6324396,0,179.37209120968444,178.99976047066832,179.9268849440959,0,
1758996852.7057219,0,179.39584730227728,178.04803725041944,179.86050057151726,0,
1758996852.7796679,0,179.85195166007543,177.54948183198488,178.73779014937998,0,
1758996852.8670654,0,179.78426614636697,177.37519182032491,178.2410501367961,0,
1758996852.9283571,0,179.938475038017,177.65278763806745,178.37124039701004,0,
1758996852.9868104,0,179.8743984722398,177.54874616290195,178.16795369305362,0,
1758996853.0689843,0,179.93770831219564,177.48181190261934,179.30516990277226,0,
1758996853.1390362,0,179.93861023390483,177.44587123590944,179.45674398915375,0,
1758996853.2044206,0,179.64711389181602,178.71649464495647,179.36852155384113,0,
1758996853.2784367,0,179.52337818981442,178.64498355628726,178.68345213986368,0,
1758996853.3567495,0,179.4978456077349,178.75544263942547,178.60614407745047,0,
1758996853.4425492,0,179.54377855500812,178.24313291237237,178.6748800241827,0,
1758996853.5022368,0,178.6384048496717,178.03200560710687,177.49469858399067,0,
1758996853.586332,0,178.9139109536471,177.48537706283034,178.46970784083126,0,
1758996853.6472325,0,179.0511572101372,177.22633065859876,178.69577525012022,0,
1758996853.6995263,0,179.2238696141698,177.49223578233543,178.86748430187833,0,
1758996853.7552226,0,179.50576302938848,177.4767368218046,178.58381697889192,0,
1758996853.8122723,0,179.61912208362563,177.99867830524377,178.91855691104797,0,
1758996853.8773942,0,179.97029902133497,178.82595565286752,179.73187414683858,0,
1758996853.950138,0,179.79191908939308,178.03288457852238,179.57804062736088,0,
1758996854.0183847,0,179.2749036612928,178.75294651172658,178.91040337696097,0,
1758996854.0770195,0,178.3411884289607,178.48643496605283,179.31909181615615,0,
1758996854.1317039,0,179.83493840680424,177.30412511604735,177.15168204355865,0,
1758996854.1869466,0,178.64752760237113,176.13734162080516,176.76727134542486,0,
1758996854.2554893,0,179.3588285850152,174.21040782344593,176.57787405995262,0,
1758996854.31656,0,179.96693571870873,174.6342838759957,176.06531917694363,0,
1758996854.3758833,0,179.68035072007217,174.94008053005274,176.60746584499935,0,
1758996854.4339695,0,179.68255915280713,174.59659981526966,176.87102845292694,0,
1758996854.4924257,0,179.7003294598515,174.83191079801554,176.89763222603045,0,
1758996854.5454824,0,179.793308785448,174.8178059609191,176.77929054924226,0,
1758996854.5991833,0,179.79819171829234,175.67606185360077,177.45284426277323,0,
1758996854.6607866,0,179.89028028542046,175.63936838203023,177.4215710927194,0,
1758996854.726296,0,179.62836065980343,175.14889287849988,177.25944264708863,0,
1758996854.7921631,0,179.48826337423748,175.36193307906697,177.3302184433387,0,
1758996854.8512115,0,179.8956300792274,177.66324006284304,175.97027591126673,0,
1758996854.9247077,0,179.85231225799274,178.4462395123666,176.6967221442522,0,
1758996854.9919887,0,179.38861703381252,178.71931920361644,178.10318101270553,0,
1758996855.0614135,0,179.46469275048378,178.61727342046353,177.7829939058514,0,
1758996855.1226823,0,179.57538314414526,176.78195571642252,177.99984000984247,0,
1758996855.186777,0,179.50727156295434,176.6930765845923,178.12821279743392,0,
1758996855.2493303,0,179.32153417132886,176.6954699969538,178.76864518298189,0,
1758996855.3284657,0,179.4192063528045,176.64492533895333,178.54796202951664,0,
1758996855.3943255,0,179.15155410231483,176.51522346982262,178.58529124248744,0,
1758996855.4504547,0,179.55724613024316,174.92274008608473,178.77788391738872,0,
1758996855.5295484,0,179.83450143684965,174.9170842667939,178.29255891234106,0,
1758996855.5949764,0,179.94263262583934,174.92936874088488,177.97402465255752,0,
1758996855.6678996,0,179.60953976669484,174.9996119570254,177.60419909616886,0,
1758996855.732858,0,179.13685359588447,175.51731978239428,177.45704920936552,0,
1758996855.8302822,0,179.21637450686154,175.3199053529784,177.30734251808306,0,
1758996855.9181616,0,179.28300074545209,174.62233606506328,177.31962951432646,0,
1758996855.998713,0,178.878093067734,175.71337876626257,178.43910432059005,0,
1758996856.0816646,0,178.71605137889526,175.8832667067125,178.4273701853188,0,
1758996856.1465628,0,178.69160127183116,176.07396011788254,178.02109232854826,0,
1758996856.21272,0,178.98744687320854,175.88673535535457,177.95456153210057,0,
1758996856.2832685,0,179.02247299708094,175.96015621373334,177.9792950014097,0,
1758996856.3446987,0,179.5696804015955,175.65189986130127,177.786601308076,0,
1758996856.4252863,0,179.55593199990585,175.51046249223486,178.25621664700154,0,
1758996856.5013041,0,179.49641222673299,175.57101035382934,178.2473380408253,0,
1758996856.592292,0,179.76972368057048,175.54143771932132,177.79921799170998,0,
1758996856.6809716,0,179.7734637909924,175.88790600919822,178.0271507381579,0,
1758996856.775738,0,179.80330113007315,176.0979641959553,178.01450499844697,0,
1758996856.8356493,0,179.89373658252208,175.68547802321822,178.18250479759274,0,
1758996856.9113488,0,179.96334838812345,175.64730610333493,178.02065055581477,0,
1758996856.9968584,0,179.90305921898693,175.67757164407388,178.01155360363973,0,
1758996857.0690134,0,179.24271107043657,176.78932888787494,179.16876715454694,0,
1758996857.1298378,0,179.2313887549473,177.49741630898285,179.48854800605537,0,
1758996857.186926,0,179.27508794151774,177.37190278430344,178.66463733528033,0,
1758996857.2498608,0,178.87477934424862,177.87484490874286,178.30931098124492,0,
1758996857.311845,0,179.23368957397233,176.96696868229932,178.70372762848444,0,
1758996857.3750393,0,179.27699599607934,176.91673729533417,178.90139577516686,0,
1758996857.4321914,0,179.06690140573878,177.3094939516234,178.79746062641135,0,
1758996857.4912453,0,179.02727834477938,176.4300533016793,178.2419988943845,0,
1758996857.5560334,0,179.02039287918524,176.59916861735493,178.04992207970636,0,
1758996857.6153479,0,179.0158771266943,176.7147201413963,177.9580969169254,0,
1758996857.6718624,0,179.14401330565002,176.47831252329945,177.83821958884005,0,
1758996857.7282538,0,179.52274562899942,176.33542083004468,177.30914422349147,0,
1758996857.789429,0,179.99373472585023,175.52596519391102,177.2810838973442,0,
1758996857.8745651,0,179.88081821904163,175.2453563165197,177.35450559206677,0,
1758996857.9562023,0,179.96927970829856,175.78976988619996,177.3120349787606,0,
1758996858.0243385,0,179.9234422114142,176.00146517234387,177.39456667094666,0,
1758996858.0829775,0,179.92654022868393,175.48282474929223,177.37631604415435,0,
1758996858.1408112,0,179.81484548868832,175.19220997807003,177.32112405782837,0,
1758996858.194997,0,179.80157584062235,175.53957897568483,177.48659350227427,0,
1758996858.2557564,0,179.6804038760459,175.77685397673312,176.98071528755406,0,
1758996858.305711,0,179.7913489512896,174.96813714513937,176.77807141062775,0,
1758996858.3674998,0,179.5230105322424,174.5540835720486,176.7413921252363,0,
1758996858.4248593,0,179.49448157416916,174.5636368603681,176.66306004603786,0,
1758996858.4964359,0,179.77668528263084,174.9569441999204,177.28176430249385,0,
1758996858.5687044,0,179.85682201446872,174.86831491340126,177.21826035551186,0,
1758996858.627116,0,179.6421526318089,175.0287334316743,177.12890123298573,0,
1758996858.6833048,0,179.70753059544637,175.12907409252557,177.10335845683647,0,
1758996858.7432835,0,179.2183739091894,174.81078968477593,177.42832490083984,0,
1758996858.8022976,0,178.8338646762224,175.03836616074398,177.1838972633691,0,
1758996858.8668172,0,178.68778007511128,175.1970518063299,177.13125288962527,0,
1758996858.9294097,0,179.05452730600155,175.45339054158896,177.35936038449037,0,
1758996858.9998171,0,179.1318925215214,175.57369963349677,177.19684493929316,0,
1758996859.092211,0,179.23550271914868,176.15449014870498,177.51116054415544,0,
1758996859.1963172,0,179.4549889924861,176.5932773435758,177.82549288379604,0,
1758996859.2880268,0,177.78542452009276,176.69804010149133,177.44955684654676,0,
1758996859.3732727,0,177.08473447205986,177.70629608321119,176.26335033761592,0,
1758996859.4437,0,177.82954568067223,177.2848758876221,178.41489622589114,0,
1758996859.5117505,0,177.33452973491563,176.45520847383438,179.58920177050499,0,
1758996859.5812206,0,178.3850045249104,176.0767065882719,179.39184807023415,0,
1758996859.6490817,0,178.90145085949283,176.1088340587866,178.86187548372362,0,
1758996859.721728,0,178.9324439448537,176.1153101088885,178.40454766781068,0,
1758996859.8288262,0,178.93941375367174,176.09362998196883,178.4170672106464,0,
1758996860.1937053,0,178.97058815034666,176.0558036355319,178.39572865733996,0,
1758996860.633465,0,178.99778634189116,176.51520383630586,178.19516543958747,0,
1758996861.0055556,0,179.00908927617667,176.52489450610292,178.05367927073692,0,
1758996861.1710262,0,179.16556187422393,176.92197198337044,178.10819923382263,0,
1758996861.2904506,0,178.06066041618493,176.90100117311107,179.38112013902463,0,
1758996861.3803747,0,178.67756537022368,176.69780048409922,179.62804637781616,0,
1758996861.4453158,0,178.75530054885152,177.08774237138945,179.45503268670262,0,
1758996861.5169356,0,178.90205818686,176.49309136095627,178.08226322955815,0,
1758996861.585077,0,179.06380111924864,176.21287105825226,177.65184782048368,0,
1758996861.6641114,0,177.613328672833,176.3547816170092,179.66149631741402,0,
1758996861.780041,0,177.67217790011475,176.4256650213635,179.946356286073,0,
1758996861.9089644,0,178.25923492057484,176.30584771421115,179.6622663076109,0,
1758996862.155641,0,178.7748918324945,176.70285877569955,178.44067627357947,0,
1758996862.3867955,0,178.8361361565455,176.71859975418454,178.42092734282215,0,
1758996862.5176835,0,179.2712189338783,176.8958010560259,178.47107336573004,0,
1758996862.6314554,0,179.2667443106431,177.22280682701322,178.33692259567616,0,
1758996862.713268,0,179.360565553202,176.76845313750667,177.49098402609516,0,
1758996862.7915916,0,179.356657431952,176.90228216251444,177.26246224362708,0,
1758996862.8677213,0,179.24411796020985,177.4187501278934,177.39021123514428,0,
1758996862.9334888,0,178.91276727034509,177.94448499919454,177.35474264396254,0,
1758996862.99793,0,178.71336453327734,178.1946632313329,177.31438001897317,0,
1758996863.0698345,0,179.09983902405065,177.8770852633662,177.24902750157366,0,
1758996863.147476,0,178.78812922670906,177.87488841673894,177.29698298735127,0,
1758996863.3234363,0,178.83607791412524,177.93809817267146,177.17637395541857,0,
1758996863.7565951,0,178.93547040146206,177.01745192549194,177.17254113251403,0,
1758996864.1626418,0,178.59960728043657,177.24344710314543,177.59750691900763,0,
1758996864.3336082,0,178.47392852243027,177.2028019091838,177.86309329508885,0,
1758996864.4481063,0,179.47318366880378,176.2229924127431,176.9429743576652,0,
1758996864.5428307,0,179.36177430652535,175.09082340315376,175.43521510201919,0,
1758996864.614641,0,178.90559239301453,173.95117768691483,176.1274865306144,0,
1758996864.6946368,0,179.69032641823645,174.09140594841298,177.07929697569122,0,
1758996864.775067,0,179.65140254150174,173.8689573618181,176.86262234455577,0,
1758996864.8543203,0,179.28904792441617,174.78264467409124,176.67823056956868,0,
1758996864.9378035,0,179.55126691999567,175.2210373182944,176.31919876444755,0,
1758996865.031956,0,178.84612118856978,174.23845226303897,175.86617057581043,0,
1758996865.1203446,0,179.21777664242805,173.71140445068292,175.5754910335879,0,
1758996865.1999166,0,179.5904000406805,174.90533709942756,175.7086673078204,0,
1758996865.2717505,0,179.73337089825256,174.98344091477657,175.645732014817,0,
1758996865.3416708,0,179.61504136483038,174.6942165957828,176.1318635955235,0,
1758996865.4448786,0,179.41789354619937,175.44492606005514,176.75300125221563,0,
1758996865.5783396,0,179.64054466448616,175.9440318814491,176.91381530634285,0,
1758996865.8910322,0,179.67072540298219,175.75923130666015,176.74009420947044,0,
1758996866.1954842,0,179.5747515253711,175.52363336397818,176.48574669926265,0,
1758996866.323034,0,178.78779723362675,174.25645704603193,176.10418378629004,0,
1758996866.4379547,0,179.80319591551952,175.01639346517007,176.1034295150237,0,
1758996866.5176709,0,179.33477106110047,176.26481239720073,176.3150362040125,0,
1758996866.5823636,0,179.44402506434352,174.5025492608403,173.05037171904772,0,
1758996866.6506867,0,176.77648389383046,174.40659256358674,171.07230623253722,0,
1758996866.7269962,0,176.66215176631295,174.58014375724167,171.9990373392052,0,
1758996866.7982275,0,173.62258697147786,174.8311830856412,172.14809045062148,0,
1758996866.8740313,0,179.48598358519868,176.9968581910167,177.31278425170356,0,
1758996866.9527018,0,179.0816121565998,177.7218221177892,176.03001056636967,0,
1758996867.0303862,0,178.75393784287155,177.59553042183975,175.10985293507866,0,
1758996867.0983927,0,178.22597643046615,176.60553900433064,175.60455631489936,0,
1758996867.1614857,0,176.29750643713155,179.2334422282557,174.91083943094094,0,
1758996867.2494228,0,178.16420748082194,172.77754317614028,176.06056640576546,0,
1758996867.3282478,0,177.0146632774894,176.83988632869216,174.64933329154536,0,
1758996867.392239,0,178.17887317047865,179.0312454543584,175.68715420053624,0,
1758996867.458154,0,178.07318739435945,178.92771876094145,176.9651489300684,0,
1758996867.5460472,0,177.87613856257636,178.50527060145066,177.17826155288503,0,
1758996867.6081665,0,177.91789356056526,178.08028387488608,177.09440121299085,0,
1758996867.6768708,0,177.682331473379,178.04988697298168,177.10196614849937,0,
1758996867.7444377,0,177.71990240729312,177.8976569458636,177.19778876705112,0,
1758996867.8213253,0,177.59167018700208,178.12566759204358,177.05815014923797,0,
1758996867.8823192,0,177.7671059834142,177.9129277862297,176.833913990503,0,
1758996867.9498315,0,177.56172623127736,177.84282904577563,176.97645583293902,0,
1758996868.0241106,0,177.8115870764618,177.60365247257178,177.3698328523771,0,
1758996868.0972695,0,178.39646437489114,176.86837626627738,177.0249265484058,0,
1758996868.1783712,0,178.59650375039806,176.57870953458476,176.31220624226418,0,
1758996868.2430646,0,178.36996997886524,176.9641601092959,176.71263829570242,0,
1758996868.3155968,0,178.4344087928105,177.78786640183196,179.2377976935576,0,
1758996868.3872995,0,179.40384121171888,176.1393936551067,178.79272983695753,0,
1758996868.448843,0,177.87586209149293,178.6225782651481,177.3436365162178,0,
1758996868.5161471,0,178.4564710589109,178.58563013579058,177.78467063312428,0,
1758996868.582195,0,179.6251297569034,179.89422130433624,177.68364927867583,0,
1758996868.6475751,0,178.70032455626938,179.23575201745393,179.04876700123376,0,
1758996868.7227058,0,172.83300793399556,176.66631467783137,175.12211171277832,0,
1758996868.8039289,0,174.7561674319243,172.51674113010247,174.97520161018298,0,
1758996868.8847523,0,179.81412077688546,171.26722320116116,179.25470671435494,0,
1758996868.9668672,0,179.00079838746223,175.1375140213618,179.74753879469162,0,
1758996869.0445044,0,179.28583501611402,178.39084560942985,177.45248454204403,0,
1758996869.1044395,0,178.05948311015965,179.6984865730974,176.5563591935886,0,
1758996869.1679854,0,176.18869495922056,178.5474947572064,177.07685460433058,0,
1758996870.517501,0,177.59990671925124,174.6733493227031,178.34214788031127,0,
1758996870.6042633,0,177.06631502854745,173.71668654834298,177.7429546861986,0,
1758996870.682034,0,177.66262479944575,175.53412671628553,178.56069635492173,0,
1758996870.7535708,0,177.7211074338973,176.1995025131388,178.41496503507003,0,
1758996870.8185,0,179.78033590515102,178.75180207620323,176.3626729647442,0,
1758996870.8861732,0,179.49645059886964,179.8223085567887,176.45938275610862,0,
1758996873.0499327,0,163.96496064996842,172.44370918737894,162.71965975773566,0,
1758996873.11553,0,153.051923682572,165.41885573668625,147.96697249387353,0,
1758996873.181597,0,116.73684176748435,106.6440657494778,109.60803222312416,0,
1758996873.25245,0,7.07760490321873,20.70494756761747,29.64417898419639,1,
1758996873.32648,0,20.920519705054737,40.29914437510587,25.762581796290277,1,
1758996874.3048942,1,179.38899709491423,146.10471100768797,174.45398268333636,0,
1758996874.3682795,1,179.79474748025694,158.84693299887155,174.04263411603955,0,
1758996874.4237592,1,176.2583002486626,163.83180533642926,178.12614302321236,0,
1758996874.4911687,1,174.95468923868742,159.43658512318495,178.67593584493,0,
1758996874.566697,1,177.35346190979962,174.95297513329626,179.5630353788321,0,
1758996874.6239893,1,173.35031472555465,169.2540992998013,171.73832641311355,0,
1758996874.6950998,1,172.1331532883642,173.4235975762485,168.60596118270385,0,
1758996874.7617536,1,179.0364412951171,178.25558919005152,174.52087438863745,0,
1758996874.8438847,1,178.797867011561,175.40363215955435,176.27442582283288,0,
1758996874.9210017,1,178.8334662195233,176.36970357534477,175.77908556574576,0,
1758996875.0015087,1,177.31420004252794,179.60449926440063,171.97593220509532,0,
1758996875.0729852,1,168.7493636560435,176.64942262487276,168.40534578375005,0,
1758996875.1260192,1,162.95081659827727,175.6910426266312,167.96110170766232,0,
1758996875.197704,1,164.2561840289287,172.23258093657108,166.26940760962512,0,
1758996875.2527459,1,164.82395872424954,168.21845572419025,166.36673914566356,0,
1758996875.3247337,1,166.03012751434855,176.4484745727743,165.94432179677196,0,
1758996877.7690716,1,177.88072400215808,179.56281206537886,176.44206361396104,0,
1758996877.825699,1,178.13198186497186,179.07913821730858,175.87805607931136,0,
1758996877.882074,1,179.54641305163565,178.86904353004286,176.63520291706314,0,
1758996877.9513695,1,179.93859078437092,179.73313510550824,176.5473977265203,0,
1758996878.0111585,1,179.2471600917544,176.25126028360071,176.99551310670998,0,
1758996878.0707877,1,179.50343899140927,176.08078610926142,178.96661863551978,0,
1758996878.130865,1,176.92610447897854,177.37952944040043,175.2083904054387,0,
1758996878.2084317,1,178.89341728492735,176.42765897940035,178.86706979094058,0,
1758996879.692957,1,171.65197692146478,152.95044171728912,173.4854983238846,0,
1758996879.75878,1,176.21977234686355,172.38104529017255,173.42372603449908,0,
1758996879.8414326,1,175.45598141839545,169.86113159909752,172.29053047281803,0,
1758996879.9037337,1,174.96172160195562,174.0528599014829,171.3265642018283,0,
1758996879.9667017,1,173.0780797300698,168.52661042115562,169.61929877032267,0,
1758996880.0243745,1,169.38727085045463,164.08525746799515,168.86357865237454,0,
1758996880.078371,1,162.09115503599926,145.5389719527031,164.08472769168225,0,
1758996880.1826491,1,161.71231168828507,154.56138723456033,164.0205688834117,0,
1758996880.2419007,1,118.79882220305609,150.5921906446731,165.41874049372794,0,
1758996880.3071573,1,110.65639067025793,150.4671658362828,165.42181795812763,0,
1758996880.364897,1,154.76853329340955,152.18558513137683,164.30843024706513,0,
1758996880.4239402,1,158.61726288357394,155.97847104502154,162.77975927932093,0,
1758996880.472929,1,160.58812327196583,159.90998317142225,162.427106525622,0,
1758996880.5600843,1,155.72754480932846,153.69358504737008,163.75253144222276,0,
1758996880.63688,1,156.77714124984132,156.1767874833205,164.82304815657966,0,
1758996880.7068286,1,156.25121687545956,153.39260987774034,165.959107989636,0,
1758996880.7723286,1,158.97550263440993,156.161056852359,165.21010368532004,0,
1758996880.8247576,1,160.8134633001747,152.48183595578965,164.16271768203455,0,
1758996880.882277,1,167.00019252787584,152.0247340019936,163.03605337876942,0,
1758996880.9845662,1,167.127851879972,153.69940644196114,162.88731487418121,0,
1758996881.067343,1,168.79116450544822,156.79607656742968,163.23966442670036,0,
1758996881.1366873,1,169.7722501447347,149.1640874209018,162.75877803014708,0,
1758996881.2077062,1,173.16227155832985,160.09991724869755,160.9060147982338,0,
1758996881.2792401,1,175.80896922898958,162.78765466728626,159.51526845552914,0,
1758996881.3464365,1,178.2136388416424,165.42489528531937,160.41319473669824,0,
1758996881.3928738,1,174.36728686272974,165.26009337713987,160.10734487390306,0,
1758996881.4597998,1,174.44704167745286,164.9472256590412,160.94197214514165,0,
1758996881.5356534,1,175.77862229709964,163.7954196064234,161.0938183615674,0,
1758996881.5886328,1,174.2295489519294,162.41375901091234,160.72242031943742,0,
1758996881.6544962,1,177.72054905411397,157.58923642968279,162.51176703584267,0,
1758996881.7464664,1,175.316257015905,161.3050219823898,162.4117915113813,0,
1758996881.8086917,1,178.32462152623086,161.91273206966852,161.9367476884512,0,
1758996881.8685944,1,168.86464489810535,163.70710167154462,161.0061036771461,0,
1758996881.9505756,1,166.51313195767563,170.72939473191923,160.93733829851993,0,
1758996882.0097544,1,163.83560207369501,172.13769036642876,160.5219608447831,0,
1758996882.066896,1,162.73942493996842,173.33567044945238,160.23024876052497,0,
1758996882.1303077,1,179.2281560673535,175.43480507846567,165.6074920329369,0,
1758996882.1849744,1,172.25027940448277,176.29908885137553,169.0375208633613,0,
1758996882.272067,1,168.93094182234478,177.09183791480535,170.72650025632026,0,
1758996882.3215048,1,170.03539333660933,177.96237178722407,168.44266854210588,0,
1758996882.390837,1,169.10518889570739,172.97404031194782,169.3239466181178,0,
1758996882.4461842,1,169.0405371895474,171.3375502071864,168.27593864629054,0,
1758996882.5121462,1,168.00298888343895,170.15945964749992,169.21579352813055,0,
1758996882.5775828,1,166.9370092466596,168.75382767591037,168.32081506867016,0,
1758996882.6379137,1,165.10433587598996,167.5687374359913,168.41935884597788,0,
1758996882.7035966,1,169.1236649708696,162.816914334927,165.85893540861707,0,
1758996882.7909539,1,179.66530379076283,157.9738031609003,163.51694253476364,0,
1758996882.8715024,1,175.07186350864814,156.2209607160658,163.09738245978684,0,
1758996882.9385648,1,179.9536721257627,151.35415650423474,164.0711489939584,0,
1758996882.9965086,1,179.1487810534735,149.60015291129625,164.69661985291853,0,
1758996883.079193,1,179.44788755180173,149.635393692968,164.52010272612443,0,
1758996883.3721979,1,173.14292893243882,152.01797887754665,164.32739691626116,0,
1758996883.8251297,1,176.23927301749566,152.803664123791,165.48810430560596,0,
1758996884.1245298,1,175.99000379303394,173.0643214459762,168.16916640937023,0,
1758996885.641368,1,178.99792449924593,176.99227452718637,175.04693207609455,0,
1758996885.726774,1,178.48999343888545,179.79754177352623,174.31262699796505,0,
1758996885.7841997,1,41.03178027884509,11.355837314219219,18.56270116730676,1,
1758996885.855809,1,169.29028709092162,149.52564419107213,172.38477537241957,0,
1758996887.1046991,2,179.70097676415762,178.326073540696,174.9430228518058,0,
1758996887.1688378,2,179.28328168004427,179.7374464543167,174.42316336812272,0,
1758996887.2407155,2,178.87609739188684,179.32854520528073,174.34545167133513,0,
1758996887.2994714,2,179.046661722221,179.4719700968364,174.40608117350274,0,
1758996887.361468,2,171.91973325535025,177.87732747982034,179.26521155341283,0,
1758996887.4705012,2,179.5308309375635,178.7224597893291,178.91180936994212,0,
1758996887.5408125,2,176.01620842195015,178.50404248710393,176.03958332696246,0,
1758996887.6018832,2,174.50830167252045,175.71464374487633,174.60306736775397,0,
1758996888.6897483,2,179.59976528438784,178.6218701911751,173.4794841516242,0,
1758996888.7665977,2,179.1825147945147,178.90507886002501,176.17563778840483,0,
1758996888.824635,2,178.17822491016784,178.25275885849302,176.91707660344596,0,
1758996888.8918607,2,177.03273635765078,178.23138523407354,177.90339524314464,0,
1758996888.9437847,2,179.31587890149177,174.90111025620652,176.93777633545986,0,
1758996889.0301964,2,179.05669556106028,178.11956733999506,179.7003931929553,0,
1758996889.097356,2,173.04036524880632,175.05511588768172,172.62673055025672,0,
1758996889.212513,2,165.61454112649406,169.44584875689205,165.94383235136522,0,
1758996889.2841065,2,167.37583551251612,168.8097329771736,167.65812848915488,0,
1758996889.353631,2,169.96114656741867,169.18395370306607,168.42742770787027,0,
1758996889.4310641,2,170.52523229900703,161.08409456311804,167.15004881506675,0,
1758996889.505495,2,173.36258021632884,155.4955545103111,167.69944679141437,0,
1758996889.5806062,2,170.08786394729498,85.40042203217443,166.6273255080364,1,
1758996889.778099,2,137.73091370468737,150.22702185463245,166.904300518572,0,
1758996890.234503,2,178.88259532390265,150.1321313876604,169.15268581389543,0,
1758996890.7011914,2,176.24501454982524,96.71222677964968,172.6882054072659,1,
1758996891.000375,2,164.6370657659038,80.71976962403038,172.8067813076364,1,
1758996891.1210463,2,148.0483959506098,131.0137105592607,172.60409328417254,0,
1758996891.2362537,2,134.27565472681243,95.70826660655769,171.30411499743178,1,
1758996891.3155053,2,131.22888185252947,121.36376710246881,170.4175393531717,0,
1758996891.38238,2,170.8361373837291,129.2361834361606,169.80897463404258,0,
1758996891.4531107,2,176.99820412279269,154.0410830797771,169.19142343721867,0,
1758996891.5240169,2,174.92993320415712,145.46149416109256,169.86122501704924,0,
1758996891.6032267,2,170.75663939194362,145.2411353225801,169.71336357325785,0,
1758996891.6768315,2,177.3516083704981,146.33813365628941,169.78605409387703,0,
1758996891.8140497,2,175.08431922529815,150.94760399326748,169.8611635743021,0,
1758996891.874888,2,175.7209931578165,157.73817528517887,169.3764711936591,0,
1758996891.9437954,2,177.28437601168056,154.46375118057702,169.76562132124366,0,
1758996892.0076244,2,176.122982449442,154.22611933828128,169.81774949850004,0,
1758996892.0826569,2,146.46126629670493,101.96973641991767,170.1768986914191,0,
1758996892.157874,2,168.681695750049,132.18056001617748,170.2507766210523,0,
1758996892.2363806,2,169.8041849967967,134.04122809765897,170.32970390149634,0,
1758996892.3112984,2,157.30702995156324,133.34238705637435,170.3265034085455,0,
1758996892.3761065,2,177.67496715512692,146.4764838241643,170.52743540796692,0,
1758996892.4400077,2,178.711575091091,111.49307023466119,170.57330887335058,0,
1758996892.504095,2,170.4042926627736,91.82183499274595,170.3844655266205,1,
1758996892.58206,2,93.59029749005113,62.110879047114835,169.60460049441036,1,
1758996892.6866214,3,178.01160302970754,164.34517397440018,168.64531404036015,0,
1758996892.7567983,3,177.46542535175692,161.20250367227553,168.3276098892179,0,
1758996892.820772,3,160.3061080738433,113.51659443339643,168.37457373420958,0,
1758996892.896001,3,87.89210478969368,60.906178195784086,168.36556110518666,1,
1758996892.9576218,3,175.17308484733275,112.73488676361302,168.93464341839777,0,
1758996893.0690691,3,179.77680963608776,128.42265948562016,168.92821123203754,0,
1758996893.1278627,4,178.12472355843144,161.3462188777254,169.03123907183144,0,
1758996893.2005243,4,177.30424214885576,163.57040556382253,168.95987466425356,0,
1758996893.2795026,4,178.38522283824895,137.9986920982315,168.9653480481629,0,
1758996893.3606253,4,178.96173942480465,123.80249709032698,168.73099267560684,0,
1758996893.4504945,4,179.24126032238627,141.67319807090826,168.786433010319,0,
1758996893.5366364,4,178.5507221579605,149.80098788501877,169.21027787985238,0,
1758996893.6167748,4,178.76331319681125,140.3531186609922,169.19977621794675,0,
1758996893.7390618,4,177.54783043488047,131.85580847264072,170.25770477699118,0,
1758996893.8130045,4,176.93732155553994,129.13685638292813,170.46377762140204,0,
1758996893.8892415,4,177.20502972377798,115.39139603957915,171.19329625264353,0,
1758996893.9534564,4,172.55611980322004,132.52467585581653,168.08135322530921,0,
1758996894.0276766,4,179.62070726158714,118.95021025153892,170.2079280709269,0,
1758996894.110738,4,178.72291210513342,128.86001920075003,170.67226299884717,0,
1758996894.1642077,4,175.09591746732357,81.67109801844093,173.41524597913678,1,
1758996894.2382352,4,171.47535614828575,89.53772199439393,172.54328218277215,1,
1758996894.3058171,4,140.42862588005562,88.10572334104185,171.88679823910172,1,
1758996894.3872864,4,100.31327892915608,151.93111119467693,171.6934232869574,0,
1758996894.4536924,4,175.88914345367212,169.48904400166333,171.83765653727554,0,
1758996894.5197208,4,175.12017948700029,173.45137554185914,173.127383987445,0,
1758996894.6457875,4,178.0916790435521,174.1705405695622,173.22075781175545,0,
1758996894.7115867,4,178.10125972424606,171.40815626666446,173.4675545908561,0,
1758996894.7813141,4,178.98848820717257,176.55296258936542,172.18936911157928,0,
1758996894.8484862,4,177.58731209303727,177.7848125213881,172.74078786752884,0,
1758996894.915238,4,179.2294266818403,179.64733780694206,171.90931608771714,0,
1758996894.9821715,4,179.65640164972584,178.60136554787357,171.32846929421314,0,
1758996895.0704093,4,179.99268003816172,178.96541776957432,172.14712307223135,0,
1758996895.1391537,4,179.54659292931453,179.2951782617303,172.6141412030861,0,
1758996895.2068,4,179.05923887542104,178.98366356432288,172.72333793856697,0,
1758996895.2753572,4,179.1899848186136,179.2482287538764,172.8996059363523,0,
1758996895.3572252,4,179.0833825013959,179.45009932034225,173.23937513439756,0,
1758996895.432584,4,178.4486186644657,179.31020106335595,172.66572149614942,0,
1758996895.505603,4,178.15012710818274,179.26701765540363,172.7333579967699,0,
1758996895.5836167,4,178.3397059087193,179.36763952256027,172.9097733083901,0,
1758996895.6996155,4,179.00391009446153,179.28027560130982,172.91500534090758,0,
1758996895.7804,4,179.53581178068657,179.20514719835558,172.9324653548474,0,
1758996895.856308,4,179.54115435236685,178.82265257504437,173.2082008960458,0,
1758996895.9259803,4,179.52790242736802,178.52045923092732,173.3026744649058,0,
1758996895.9919133,4,179.92786698801416,177.73369621344432,172.7657663449007,0,
1758996896.065034,4,178.8994244042782,177.3639489903693,174.50325095351076,0,
1758996896.1951008,4,177.69930103211578,177.2954618071311,175.18829706501134,0,
1758996896.2545962,4,177.17160393218734,177.2606682368887,175.50236966709437,0,
1758996896.316851,4,176.99194545864086,177.22107377108756,175.655370528815,0,
1758996896.382289,4,175.38168317276188,177.51408077184274,175.9140601173212,0,
1758996896.4512026,4,175.0378964888125,177.5752801448132,176.04701462083239,0,
1758996896.5196064,4,174.78977047534968,178.4924054697784,175.91309671502066,0,
1758996896.590048,4,174.81153269558456,178.86827199620842,175.9597529683297,0,
1758996896.6592996,4,174.6502625625953,179.10342986941095,176.0676863489566,0,
1758996896.7218251,4,174.5556012604855,178.8115256575701,176.1882696067662,0,
1758996896.788883,4,174.45699563536124,178.68570646635126,176.30331849531694,0,
1758996896.8622437,4,174.76909277300211,177.456274876473,175.8687208818488,0,
1758996896.9404361,4,175.05596014335254,176.40638021673226,175.57938101461752,0,
1758996896.995477,4,175.20983635867677,175.92101813101,175.05222092445712,0,
1758996897.0625696,4,175.33344807664486,175.5182381916188,174.77752992396947,0,
1758996897.1514616,4,175.31651727921596,175.82230155688148,174.6462046999342,0,
1758996897.2132685,4,175.29967431814637,176.01779498066566,174.61151737850577,0,
1758996897.2745352,4,179.5689162208444,176.13239264117817,172.12001796519837,0,
1758996897.336413,4,178.25739117677398,176.103395155326,171.05520480183046,0,
1758996897.4074728,4,175.68820534322472,175.89367702110525,170.12315725743713,0,
1758996897.501229,4,174.35609472044925,175.79294293778622,169.6510684818477,0,
1758996901.3202538,4,179.22921177672723,175.5277271677693,175.1578124671642,0,
1758996901.3841426,4,169.1990105557899,169.50611833952095,176.92571348381617,0,
1758996901.4557104,4,171.9096992094699,159.08196435375487,177.78577902002527,0,
1758996901.5331812,4,178.91789789590334,161.11537270974387,170.35192128429023,0,
1758996901.602386,4,166.15967693445208,150.58550085759094,162.77758364930082,0,
1758996901.667039,4,159.27534761954902,136.99087089019736,169.6891016295829,0,
1758996901.7327814,4,152.0442470732052,114.75792131463592,173.23691870186482,0,
1758996901.7922382,4,172.68751656618957,167.80172088267506,174.8186315300877,0,
1758996901.923519,4,176.22509362595724,178.65135672533305,175.71273765581932,0,
1758996902.0226622,4,175.97223965552544,178.12529630156408,175.32445049148967,0,
1758996902.089389,4,175.77108923359836,177.39157225038292,175.48678079561643,0,
1758996902.1515725,4,172.21418302788828,177.68404660091207,174.53100642046815,0,
1758996902.2398639,4,171.3016442690322,172.0828310707581,174.38525670142783,0,
1758996902.3494842,4,177.23770848828067,169.86394785143398,174.51658798752152,0,
1758996902.4177341,4,177.51937244133288,170.18164856917195,173.60109603924545,0,
1758996902.4757044,4,177.71907437012482,177.47654384666774,172.24310901354642,0,
1758996902.5752218,4,179.10714598730078,173.47584036850992,162.27799115135798,0,
1758996902.6456137,4,179.34135198494775,169.47836619692072,176.59407062260374,0,
1758996902.7085226,4,179.74470291077387,175.25911857080533,174.33912529722156,0,
1758996902.7719297,4,177.1572956799255,175.94543356074593,169.58953860772633,0,
1758996902.8374665,4,167.06762708159897,150.86872607474007,178.64019662358268,0,
1758996902.95523,4,18.959880131006663,13.396590636702907,24.030319554218238,1,
1758996903.025766,4,154.51633919695132,113.76368136897474,161.5988763440366,0,
1758996903.0887446,5,167.95584330000665,159.0718500434365,173.39499255688838,0,
1758996903.1564524,5,148.1857269060874,139.20160111518578,155.31870846799856,0,
1758996903.2589052,5,161.25230838557724,139.32010571700795,171.54953588672137,0,
1758996904.3606405,5,179.92337700933552,179.65941405123058,177.18760696891937,0,
1758996904.4310234,5,177.34391654176707,176.27541967858104,174.41814950487623,0,
1758996904.5168507,5,178.69922547834966,178.71335725282066,177.39087320399437,0,
1758996904.5777888,5,179.04118152731786,178.45223475043642,177.90319361329284,0,
1758996904.6310985,5,177.86039561977665,173.90136255141653,177.09407048315322,0,
1758996904.7009106,5,171.53944834538103,167.12923906638272,175.81925448162409,0,
1758996904.7713888,5,170.22037744956899,168.1584158488816,174.94054988369905,0,
1758996904.8376913,5,169.2065515540548,168.47149672133037,171.2672595037149,0,
1758996904.9225316,5,171.07559790980864,177.0193171161406,173.9030549596144,0,
1758996904.9722176,5,172.01487463132943,178.8851125400351,173.82543508237336,0,
1758996905.0414977,5,172.2390877927993,179.85309646137085,174.46712983296948,0,
1758996905.1312668,5,167.9177932257701,178.76936175532154,174.70596650642358,0,
1758996905.211518,5,164.02310671690054,174.31945479418638,171.29375916096885,0,
1758996905.2754817,5,163.38971242402383,173.01561659273102,170.195688088011,0,
1758996905.3512115,5,171.1731391384863,177.1469361993121,168.4543903159586,0,
1758996905.429266,5,173.4631446940593,176.05787042591902,171.56223245166487,0,
1758996905.5053003,5,174.70120024050698,176.9060202020941,166.93531369590423,0,
1758996905.565492,5,178.9575350301293,175.64195048379102,174.10491731053347,0,
1758996905.63207,5,179.28631228466233,178.9025595382995,175.31414253345946,0,
1758996905.7008328,5,176.26689156031247,178.74845155469794,179.8047055127467,0,
1758996905.814796,5,36.88950422412715,50.411134254871016,43.65232260984423,1,
1758996905.8695982,5,99.00760900272648,130.12707630145016,112.68131414851311,1,
1758996905.9262097,6,177.84297931443214,169.8385348754382,172.1534190666839,0,
1758996905.992835,6,179.33236674191394,171.64346797474852,172.67116116320008,0,
1758996906.0573485,6,178.6299565522954,172.2524803319276,171.9780861027693,0,
1758996906.1163995,6,166.8106576556632,163.0546687076565,166.76427615770007,0,
1758996906.2093067,6,175.48430753843022,168.7159283840024,173.00726682367502,0,
1758996906.2629347,6,170.7538398692696,174.17896838441933,174.19295646736288,0,
1758996906.3261392,6,174.58796341927777,168.4296493641525,175.5325953670075,0,
1758996906.3963912,6,173.7970287396783,168.49401925891925,172.7553935547524,0,
1758996906.4455159,6,175.40126674747867,170.43661572933345,173.09551385585002,0,
1758996908.746231,6,178.15274073345438,178.47267985062976,173.2039531532227,0,
1758996908.8360922,6,178.7521225929497,178.55134096405217,172.17514674495501,0,
1758996908.9194384,6,170.83177684716364,174.81338688705895,177.87221212215871,0,
1758996909.015693,6,178.77113906520114,169.22871380204734,170.61003378773364,0,
1758996909.108288,6,173.4176447998418,171.72811689431055,164.07283418919954,0,
1758996909.202073,6,164.25091449478577,170.81065776665653,168.5069858137458,0,
1758996909.2876866,6,159.9237314476038,144.17733837947424,173.6378079137508,0,
1758996909.367098,6,159.03402253486962,173.17697686621273,169.15158722721074,0,
1758996909.9109135,6,179.32128945359275,179.0490856682927,171.97544865613295,0,
1758996909.9726033,6,177.61088656857555,178.1778838988657,172.2884650402663,0,
1758996910.0350714,6,178.96929935865657,179.95369196353772,172.4161817510603,0,
1758996910.1126842,6,178.30489542352763,178.17781737588984,172.9376176410613,0,
1758996910.1619997,6,177.75181394366055,177.76872697114243,172.9663593769551,0,
1758996910.2278175,6,178.38128803377526,178.81319300048,173.88972339523866,0,
1758996910.2738295,6,177.4300085579022,179.61000234288173,171.19097022817786,0,
1758996910.342015,6,177.54414359583865,177.63205668817238,170.13093850771,0,
1758996910.3971622,6,177.90726060646026,173.48636212246035,171.39978077343483,0,
1758996910.514721,6,173.63947684166806,176.92836921076108,172.024445048132,0,
1758996910.5933347,6,170.7817666325394,171.3234723366045,171.01702740181648,0,
1758996910.6744158,6,174.4902253273991,172.45595206867145,168.26062833347717,0,
1758996910.7572865,6,174.72274877819015,173.04406498846885,167.68298750290853,0,
1758996910.8388813,6,172.2650417313873,173.52211578572516,169.23887362081146,0,
1758996910.9126892,6,173.3868494072637,175.53812213111226,168.22779387734823,0,
1758996910.969244,6,173.8289970617161,175.31168248143365,167.74892017204652,0,
1758996911.0351994,6,173.58294427916584,175.44717413503562,167.71684848310892,0,
1758996911.0819972,6,173.20200018362485,173.97039178922327,168.71238347154383,0,
1758996911.151964,6,174.71313199335674,174.53268601725506,168.910926604465,0,
1758996911.2126436,6,176.65051192310275,175.63284604753503,168.06436154008932,0,
1758996911.278479,6,176.44496085976232,175.33048751205283,168.4706935102099,0,
1758996911.3284059,6,175.12681621410064,174.36561454374672,169.52152503028663,0,
1758996911.4039924,6,174.24681998868576,174.0615169528965,170.16443804968875,0,
1758996911.4554582,6,168.07495862921533,174.09553576645322,175.4039178138318,0,
1758996911.5194635,6,165.8137518125217,173.82329002431322,177.0412662447254,0,
1758996911.5657654,6,169.92807976811963,172.49342357531907,172.80464221314367,0,
1758996911.6648574,6,160.41256507674692,166.65950822293456,177.56275163206845,0,
1758996911.7187483,6,162.80126479908034,169.13082217629233,179.29703198592995,0,
1758996911.7755795,6,170.58966302163444,170.10265853904068,172.85344049536744,0,
1758996911.8618758,6,166.65353050792697,170.52625102088479,177.48659016382177,0,
1758996911.943834,6,159.1434453739831,151.6962005096132,175.61809563613207,0,
1758996912.1074846,6,163.66373557540467,171.50776895064482,179.98715318187132,0,
1758996912.5331604,6,178.78335016529098,170.57445135635157,166.93602458943664,0,
1758996912.8147914,6,175.81948646801868,170.76392870523753,164.5170122082282,0,
1758996912.9134562,6,177.09929581150365,174.85525971344353,168.8858574786886,0,
1758996913.004647,6,176.7475561283429,177.50329601827167,170.51938276965305,0,
1758996913.0874083,6,176.7701721291056,179.36937420462135,171.39538668031352,0,
1758996913.1429086,6,178.41446971114453,176.8107519246184,172.75235441338108,0,
1758996913.207781,6,178.72969129582717,175.37048910012663,172.51850251399995,0,
1758996913.2625837,6,179.29485354604503,175.7676993388597,175.42870463074286,0,
1758996913.3132093,6,178.87742546425056,175.82905754806535,176.64786844468932,0,
1758996913.390356,6,177.98619771933866,174.862691333099,178.87783169660224,0,
1758996913.4553864,6,176.83684967773888,174.93923998883363,179.79300828097752,0,
1758996913.5158978,6,178.82505353107763,173.35800844415215,178.02108898996244,0,
1758996913.5750108,6,178.41536730797762,172.14438932955386,177.66128230163804,0,
1758996913.6249616,6,179.07576735720127,170.97748135183616,177.478934120472,0,
1758996913.76682,6,175.79908979765847,170.0442490080794,170.85020249820303,0,
1758996913.8360953,6,174.68406997941716,168.75481203114438,169.4628583366546,0,
1758996913.8842826,6,172.59087902761917,169.21844682159403,169.0257277220192,0,
1758996913.9531767,6,173.21841248649463,171.01692653862435,171.01037367018523,0,
1758996914.0371907,6,174.50044405023203,171.41404099874677,172.06417437762855,0,
1758996914.3661342,6,175.93418858517964,171.96096632655943,172.87120404553275,0,
1758996914.7755206,6,176.8809197298356,171.06365315459362,173.12844010202642,0,
1758996914.9972568,6,177.16880157203516,172.51116922249926,173.66159199239624,0,
1758996915.0992408,6,177.25496574651362,173.4603339576206,173.534232918032,0,
1758996915.187672,6,176.1256612096384,174.7275443258878,173.03337995780424,0,
1758996915.2549393,6,174.999189854148,175.5061624219005,171.97573453277036,0,
1758996915.3126898,6,176.0051559925581,175.292386402379,171.36545283097252,0,
1758996915.3615663,6,176.86301579970564,175.32595858433763,171.50525735216388,0,
1758996915.417342,6,178.18586624242388,175.7293177189499,171.97650506157922,0,
1758996915.4989624,6,179.90472736332492,175.3237608386958,174.01030207792542,0,
1758996915.5848544,6,178.99575995930263,175.18979221276052,174.41339949579447,0,
1758996915.6856923,6,177.85512538112246,175.89555797883153,176.51460897863242,0,
1758996915.8350124,6,179.86300418294752,176.31468170009464,175.9578332287402,0,
1758996916.307115,6,178.9105848681532,173.2677116352284,176.2871420969771,0,
1758996916.6736565,6,177.21113539019944,175.63960621316016,172.58642876562067,0,
1758996916.8252273,6,172.38646187537267,173.11819442426446,169.06519943095307,0,
1758996916.9546082,6,170.39864660329116,174.21275523753513,168.16108029164417,0,
1758996917.0405893,6,168.1225233392645,173.13338270203508,167.42589249830883,0,
1758996917.1153088,6,166.88163501080842,172.81319054218753,166.55600491633234,0,
1758996917.1802912,6,166.44782915964782,176.0614609473195,166.75045188028463,0,
1758996917.2697725,6,166.55407372769957,175.62258124905358,164.8812773492162,0,
1758996917.318117,6,167.70913735878327,177.13945598340092,165.00341302483199,0,
1758996917.375116,6,168.8939575130669,176.14527902626344,164.24918077654277,0,
1758996918.0706396,6,179.47716198225285,175.3104243884883,174.41397195224326,0,
1758996918.1429687,6,179.0280584953222,178.0076179345068,174.58866843120094,0,
1758996918.1933672,6,179.48925780705036,179.95040206080364,175.5862265650533,0,
1758996918.2469897,6,179.52383484446187,179.8226632368621,175.98186198158993,0,
1758996918.323346,6,179.24496144270537,178.7396661049567,175.88871613426628,0,
1758996918.4584243,6,178.58883887606385,179.29239528988262,176.64568469154182,0,
1758996918.8222485,6,179.97192178015925,179.9974056854612,176.20297792858184,0,
1758996919.2691019,6,179.2507119417785,173.82433791176717,176.3557269500638,0,
1758996919.522045,6,176.9432097576715,165.31898811529038,177.1420757685413,0,
1758996919.6397002,6,176.3146547781373,167.32395255691443,176.7952768747569,0,
1758996919.7367692,6,173.15845949231309,163.87400421939446,171.83463575846952,0,
1758996919.8083005,6,166.80115569655874,170.76254851520002,168.95233998686658,0,
1758996923.2977235,6,177.90111697860314,179.70087568760312,175.46574950999675,0,
1758996923.3666058,6,178.15708811333784,179.22852394056966,174.01635527615733,0,
1758996923.4212992,6,177.9260893955113,178.75076700913672,173.56786031733637,0,
1758996923.5025826,6,179.54387879484963,177.9515411075529,174.51347480157818,0,
1758996923.5671163,6,179.42882041872969,178.33538509253552,179.34037255355088,0,
1758996923.6321485,6,179.68323863360808,179.51515400272015,179.59739761055,0,
1758996923.6939752,6,19.459872412180104,57.56180587048271,14.034585519513309,1,
1758996923.7841356,6,1.1022902914655672,103.17403196405483,4.722700371369258,1,
1758996923.8446486,6,1.3876995058888706,80.30727859183777,1.5645435382631843,1,
1758996923.911403,6,0.5684707738168052,134.55466960607149,5.820348281106977,1,
1758996923.966906,6,8.135600298192154,140.5779224829633,2.868608794326857,1,
1758996924.0386014,6,13.144916437821205,131.88746127432253,8.493493238915518,1,
1758996924.0960824,7,178.2961953452544,167.90774838299103,172.2767985169289,0,
1758996924.1695302,7,175.04974919062985,177.01381985722261,179.64494020900244,0,
1758996924.2348855,7,172.84646724892795,177.31847590183006,178.44982867040585,0,
1758996924.2822175,7,173.04453079906062,178.93950599425096,177.8553264683272,0,
1758996924.3414748,7,172.19590494328682,179.77503035017645,176.61337919442542,0,
1758996924.4423466,7,173.45150957917969,178.5380534804825,178.24209246117474,0,
1758996924.51483,7,173.8378123604105,177.57269615520624,177.760248858331,0,
1758996924.5889335,7,177.63732873844273,175.2429033466642,177.1552954356626,0,
1758996924.6557653,7,165.99641989533447,164.69063733703527,167.38754885997838,0,
1758996924.7213724,7,166.52099254476013,164.60596631463542,176.72455727187398,0,
1758996924.7778354,7,172.47767753677346,174.11710674156836,174.90790520363134,0,
1758996924.8253222,7,173.96568146543805,168.71097908235663,175.2752853383015,0,
1758996926.4873052,7,173.36684979848823,175.48280151199884,170.53731388098055,0,
1758996926.5450842,7,173.76964842189798,176.7889153178612,167.56709204365268,0,
1758996926.6131694,7,172.8444694411551,172.23949701013888,165.94126075650482,0,
1758996926.7067688,7,176.84300179556237,179.6017973590214,171.3257303117334,0,
1758996926.8455012,7,179.46044999041962,179.57210099103372,173.6307552826566,0,
1758996926.9112635,7,178.82501572630522,174.15708857227517,176.83122050922762,0,
1758996928.0926242,7,176.08062867824603,173.95774785065305,166.5888364259829,0,
1758996928.1500506,7,176.94748698215534,174.93403935113056,167.10611502779307,0,
1758996928.210691,7,178.11466989008403,176.8294094598941,168.4705641588577,0,
1758996928.2669666,7,178.6531127548323,177.5716645062591,168.27111884054105,0,
1758996928.3344705,7,177.9523381364094,178.75744580608378,169.13257329966228,0,
1758996928.3887177,7,178.0429112193417,178.00859188254407,169.97749983380575,0,
1758996928.4641402,7,179.5890938841354,178.1254799374465,170.3272045529941,0,
1758996928.5432744,7,179.95300940655375,179.1859207576125,171.5013606729442,0,
1758996928.6107183,7,178.95680362513494,178.69928765040618,170.29721630361098,0,
1758996928.66444,7,178.87157762627606,177.81295268456094,172.12251887003345,0,
1758996928.724931,7,177.66849054884358,175.86370424654118,171.56946235351293,0,
1758996928.7776482,7,179.09462108753794,177.89131543368833,171.4296810055938,0,
1758996928.8357003,7,176.08018961705955,176.42370210058706,173.88567847201,0,
1758996928.8920557,7,175.58334044284567,176.0705749632967,175.4569232320912,0,
1758996928.9520302,7,177.31252897928798,177.25461506342273,175.84029118731843,0,
1758996929.022079,7,176.1559321875572,177.41533151695347,176.12739171806092,0,
1758996929.0914855,7,177.7528774056976,178.24373717439994,174.53633182610608,0,
1758996929.15025,7,176.91598878145274,177.84320231968073,173.5770245699013,0,
1758996929.2126386,7,176.40834119463446,177.0263813903038,172.8046173663336,0,
1758996929.2711704,7,176.89343953503925,177.76009450095825,171.62089942026967,0,
1758996929.3510046,7,178.46458026020375,178.95318192085503,171.68467305525297,0,
1758996929.417102,7,177.8381404048428,177.8849472621212,171.90285984136585,0,
1758996929.4973435,7,177.75497203786483,177.38134459932257,172.14826350508864,0,
1758996929.5809627,7,177.785898302322,177.843992411237,172.28907851007656,0,
1758996929.6492476,7,177.6766604808198,178.35718503801985,172.2693252340921,0,
1758996929.7312224,7,179.54226984721475,178.11555424487878,172.8624549108913,0,
1758996929.7863379,7,179.8091957837787,178.0299067529391,172.67617640045728,0,
1758996929.8392966,7,178.76660766837887,176.93726828008866,170.113187092924,0,
1758996929.8960228,7,179.76551716829448,178.38004363275905,171.97664050423109,0,
1758996929.964637,7,179.7869027030974,177.5713932289404,172.13290089767344,0,
1758996930.0258062,7,179.82846793749326,177.873957803807,172.61736461008778,0,
1758996930.098785,7,179.69755718811618,178.90520911343785,172.03124696363244,0,
1758996930.1621473,7,179.702845184222,179.03883267102879,172.0905870757091,0,
1758996930.2496083,7,179.93847180395707,178.87976463775013,172.17111022611064,0,
1758996930.327171,7,178.80183745422408,179.8137102175203,172.13871495867187,0,
1758996930.3901882,7,178.29336794748386,177.7001897580706,172.82862778416563,0,
1758996930.467339,7,178.49330371215908,177.66997907632816,172.9155406261716,0,
1758996930.5280495,7,178.4171661161929,177.5373644714043,172.94688646874334,0,
1758996930.5847025,7,178.50420665495784,177.42867128119536,173.21580760963784,0,
1758996930.6426065,7,178.31398180066464,178.36078936667732,172.81399795299504,0,
1758996930.7091315,7,178.2829643104199,177.66978404324365,173.01415342557567,0,
1758996930.7821517,7,178.43003723945358,177.37425741534477,173.10486641039165,0,
1758996930.837998,7,178.48015263397028,177.3715092021503,173.11520565961047,0,
1758996930.9151032,7,178.47224607678368,177.7395842452105,173.30848762961284,0,
1758996930.9842973,7,178.5732983727268,177.66444951769984,173.48246826700642,0,
1758996931.045904,7,178.68661755792212,177.99344630843538,173.77836294890398,0,
1758996931.1097057,7,179.1452621157598,178.4808589558215,172.8858834144516,0,
1758996931.1673687,7,179.39056992005442,178.72050432406039,172.6514611096842,0,
1758996931.2305648,7,179.09847666880552,178.82246737134864,172.4466504147069,0,
1758996931.3047318,7,179.26056423887368,178.82831728414777,172.42774988200128,0,
1758996931.3742235,7,178.83302958228413,177.8556045500832,172.40014224803406,0,
1758996931.4524589,7,178.71291361454578,177.35966567000804,172.1435249457894,0,
1758996931.5302088,7,178.7675522158578,177.5385329065558,172.2583080496397,0,
1758996931.6223202,7,178.81439651112476,177.54607190035816,172.37421189697386,0,
1758996931.7255445,7,178.72030859185884,177.63636383932996,172.46903049085049,0,
1758996931.8154988,7,178.7633259287939,177.73866061351126,172.59017265297402,0,
1758996931.9223118,7,178.7557393236904,177.85122133105352,172.2901240872714,0,
1758996932.0433328,7,178.91839698909527,177.8559070917178,172.3695000304049,0,
1758996932.1717913,7,179.6746028912655,179.38175413874635,171.95279059645964,0,
1758996932.2769196,7,179.46051358781924,179.50383279365263,172.7168970320541,0,
1758996932.384671,7,177.61848757164034,178.97167616837186,173.60850463573016,0,
1758996932.4523737,7,178.45927333137914,179.54157961573526,173.29353467550004,0,
1758996932.5062728,7,176.36756580856056,179.24914858328947,171.57149541344776,0,
1758996932.557866,7,175.82606321700115,178.90960633001453,170.79050534636522,0,
1758996932.6284468,7,176.48154999846147,179.28623787215517,170.14389293260487,0,
1758996932.6886668,7,177.29987664036642,179.729162052713,170.14967668843428,0,
1758996932.7526915,7,177.76575592144698,179.5995961527149,171.803610637543,0,
1758996932.8132603,7,178.27572037605967,179.69139365075588,172.48451866244724,0,
1758996932.8647768,7,178.46518302679067,179.2477625612924,172.8387401912806,0,
1758996932.9282212,7,179.61063395657695,178.63219899038717,173.94765347801223,0,
1758996932.9882793,7,179.5500866218524,178.88916844781153,174.7079172017623,0,
1758996933.0689485,7,179.94254436794063,179.40925430264573,173.95612611387673,0,
1758996933.1448474,7,179.60464066802928,179.41552531113754,173.89881800743362,0,
1758996933.2110097,7,179.49966340022425,179.5037673401403,173.90496975780596,0,
1758996933.2704706,7,179.18925726143803,179.8035562474339,175.05553629339073,0,
1758996933.3355515,7,178.94736241241213,179.7297400239393,175.77985579262642,0,
1758996933.4100363,7,178.7856300079154,179.41579246108222,175.7270803272344,0,
1758996933.476022,7,178.90313788652574,179.38137191394202,175.80788552642238,0,
1758996933.534645,7,178.10851880639436,178.16361073897593,174.63328601648067,0,
1758996933.5887823,7,179.49160973065287,179.95728937094827,170.79389920930626,0,
1758996933.637988,7,178.9816661042054,179.71619661598257,171.01277989582246,0,
1758996933.699077,7,178.6125429339544,179.41357104072586,171.59576112342805,0,
1758996933.7591794,7,177.48178376316773,178.60618250220924,171.79130746046968,0,
1758996933.8188627,7,178.41437930955928,177.95892446472368,172.27575488492175,0,
1758996933.8858829,7,176.4667124183251,176.88627283744717,173.03883391936043,0,
1758996933.9405463,7,177.85915705199616,177.7512598608692,173.49013908175155,0,
1758996933.993823,7,178.5590520646898,177.8058564964543,173.71698515863082,0,
1758996934.0641868,7,177.58140511440644,177.42062576021573,174.5264003700068,0,
1758996934.1228774,7,177.37450671387734,177.66707415204831,174.63374532905223,0,
1758996934.1781623,7,177.63574143347893,177.89570538206902,174.7783046033387,0,
1758996934.2411227,7,177.2404669389883,177.73620269484957,175.49740201224012,0,
1758996934.3109777,7,176.88795217907546,178.0682593548793,175.5001459979405,0,
1758996934.3757362,7,176.826899549386,178.24198765210434,175.57288922124752,0,
1758996934.457598,7,175.51186474545526,177.31846270375266,176.10327677639035,0,
1758996934.5254111,7,175.35225948810418,177.2221797304404,176.15752697470603,0,
1758996934.581166,7,176.46816621642236,178.0282602866293,175.93288441938347,0,
1758996934.6550944,7,176.80492583693072,178.08754572176164,175.56373352080317,0,
1758996934.720733,7,176.8013842480276,177.5579727351175,176.0118871694208,0,
1758996934.7839596,7,175.8401694732911,176.90199527814733,176.06722535979344,0,
1758996934.846441,7,176.14669933528103,177.3508933194789,175.62072420259926,0,
1758996934.9155724,7,176.3790110815526,177.13391120344747,175.75755325586138,0,
1758996934.9870849,7,176.52111214499234,176.87463350470205,175.82530253380756,0,
1758996935.0549924,7,175.982818100076,176.69936986796398,175.41118459427278,0,
1758996935.1381283,7,176.9920127955466,177.35484014700745,175.63671655088697,0,
1758996935.198059,7,177.26979314522066,177.66689098818716,175.72328718347876,0,
1758996935.3212306,7,176.7057311968605,176.90019443959252,175.72313410601453,0,
1758996935.38052,7,176.6779724342263,176.8910245135499,175.8620248667882,0,
1758996935.464653,7,176.40588946918226,176.30883839378305,175.6111452817672,0,
1758996935.5281088,7,176.37808741891104,176.20925727436446,175.49538085183397,0,
1758996935.5911295,7,176.710907603818,176.40135497529684,175.13206402815078,0,
1758996935.659663,7,177.08465243827087,176.86658717852626,174.42559367532974,0,
1758996935.7153552,7,176.66410401940988,176.85152413308555,174.2469090872022,0,
1758996935.8063314,7,177.44443892907478,177.64650786611347,173.20565323216505,0,
1758996935.8755128,7,177.1946210027598,177.88849628610143,172.83321988555875,0,
1758996935.936014,7,176.40791235020006,178.68578564177696,171.97593919705406,0,
1758996935.992661,7,177.01459266522363,178.49525668800135,171.73894764904182,0,
1758996936.0650978,7,176.99359779854422,178.4018936693504,171.95982929447283,0,
1758996936.140776,7,176.89276896354534,178.44076603029688,172.09311591921684,0,
1758996936.204855,7,177.86402662951414,178.81392723488636,171.52974975384575,0,
1758996936.2828386,7,178.90119903039144,179.96095291575253,172.00734817139275,0,
